{
  "animation_speed": 200,
  "curve_points": [
    [
      0.1762329,
      0.953125
    ],
    [
      0.42642823,
      0.984375
    ]
  ]
}